{
  "rf_enhanced": {
    "mae": 2.2414860491071424,
    "rmse": 3.4783298168658794,
    "r2": 0.612633305366733,
    "cv_r2_mean": 0.7284387217475321,
    "cv_r2_std": 0.14473448110019538
  },
  "xgb_enhanced": {
    "mae": 2.327852487564087,
    "rmse": 3.5474689003224373,
    "r2": 0.5970808267593384,
    "cv_r2_mean": 0.7395227909088135,
    "cv_r2_std": 0.11702696665100061
  },
  "lgb_enhanced": {
    "mae": 2.375384844384578,
    "rmse": 3.4107611016188475,
    "r2": 0.6275368075749053,
    "cv_r2_mean": 0.7087577475464544,
    "cv_r2_std": 0.11159033715927381
  }
}